meta_id,comment_id,meta_key,meta_value
1,319,akismet_error,1370606225
2,319,akismet_history,"a:4:{s:4:""time"";d:1370606225.6765859;s:7:""message"";s:92:""Akismet was unable to check this comment (response: ), will automatically retry again later."";s:5:""event"";s:11:""check-error"";s:4:""user"";s:0:"""";}"
3,319,akismet_as_submitted,
4,319,rating,4
5,319,akismet_history,"a:4:{s:4:""time"";d:1370607940.8963499;s:7:""message"";s:46:""wooteam changed the comment status to approved"";s:5:""event"";s:15:""status-approved"";s:4:""user"";s:7:""wooteam"";}"
6,320,akismet_error,1370606029
7,320,akismet_history,"a:4:{s:4:""time"";d:1370606029.182049;s:7:""message"";s:92:""Akismet was unable to check this comment (response: ), will automatically retry again later."";s:5:""event"";s:11:""check-error"";s:4:""user"";s:0:"""";}"
8,320,akismet_as_submitted,
9,320,rating,4
10,320,akismet_history,"a:4:{s:4:""time"";d:1370607930.6214559;s:7:""message"";s:46:""wooteam changed the comment status to approved"";s:5:""event"";s:15:""status-approved"";s:4:""user"";s:7:""wooteam"";}"
11,321,akismet_error,1370606265
12,321,akismet_history,"a:4:{s:4:""time"";d:1370606265.921319;s:7:""message"";s:92:""Akismet was unable to check this comment (response: ), will automatically retry again later."";s:5:""event"";s:11:""check-error"";s:4:""user"";s:0:"""";}"
13,321,akismet_as_submitted,
14,321,rating,5
15,321,akismet_history,"a:4:{s:4:""time"";d:1370607942.468199;s:7:""message"";s:46:""wooteam changed the comment status to approved"";s:5:""event"";s:15:""status-approved"";s:4:""user"";s:7:""wooteam"";}"
16,322,akismet_error,1370605393
17,322,akismet_history,"a:4:{s:4:""time"";d:1370605393.6804571;s:7:""message"";s:92:""Akismet was unable to check this comment (response: ), will automatically retry again later."";s:5:""event"";s:11:""check-error"";s:4:""user"";s:0:"""";}"
18,322,akismet_as_submitted,
19,322,rating,4
20,322,akismet_history,"a:4:{s:4:""time"";d:1370605641.806462;s:7:""message"";s:46:""wooteam changed the comment status to approved"";s:5:""event"";s:15:""status-approved"";s:4:""user"";s:7:""wooteam"";}"
21,323,akismet_error,1370606115
22,323,akismet_history,"a:4:{s:4:""time"";d:1370606115.2617321;s:7:""message"";s:92:""Akismet was unable to check this comment (response: ), will automatically retry again later."";s:5:""event"";s:11:""check-error"";s:4:""user"";s:0:"""";}"
23,323,akismet_as_submitted,
24,323,rating,4
25,323,akismet_history,"a:4:{s:4:""time"";d:1370607935.632025;s:7:""message"";s:46:""wooteam changed the comment status to approved"";s:5:""event"";s:15:""status-approved"";s:4:""user"";s:7:""wooteam"";}"
26,324,akismet_error,1370610134
27,324,akismet_history,"a:4:{s:4:""time"";d:1370610134.2017901;s:7:""message"";s:92:""Akismet was unable to check this comment (response: ), will automatically retry again later."";s:5:""event"";s:11:""check-error"";s:4:""user"";s:0:"""";}"
28,324,akismet_as_submitted,
29,324,rating,5
30,324,akismet_history,"a:4:{s:4:""time"";d:1370611526.5474839;s:7:""message"";s:46:""wooteam changed the comment status to approved"";s:5:""event"";s:15:""status-approved"";s:4:""user"";s:7:""wooteam"";}"
31,325,akismet_error,1370606072
32,325,akismet_history,"a:4:{s:4:""time"";d:1370606072.711755;s:7:""message"";s:92:""Akismet was unable to check this comment (response: ), will automatically retry again later."";s:5:""event"";s:11:""check-error"";s:4:""user"";s:0:"""";}"
33,325,akismet_as_submitted,
34,325,rating,5
35,325,akismet_history,"a:4:{s:4:""time"";d:1370607931.630702;s:7:""message"";s:46:""wooteam changed the comment status to approved"";s:5:""event"";s:15:""status-approved"";s:4:""user"";s:7:""wooteam"";}"
36,326,akismet_error,1370610085
37,326,akismet_history,"a:4:{s:4:""time"";d:1370610085.3245969;s:7:""message"";s:92:""Akismet was unable to check this comment (response: ), will automatically retry again later."";s:5:""event"";s:11:""check-error"";s:4:""user"";s:0:"""";}"
38,326,akismet_as_submitted,
39,326,rating,5
40,326,akismet_history,"a:4:{s:4:""time"";d:1370611525.1048441;s:7:""message"";s:46:""wooteam changed the comment status to approved"";s:5:""event"";s:15:""status-approved"";s:4:""user"";s:7:""wooteam"";}"
41,327,akismet_error,1370620193
42,327,akismet_history,"a:4:{s:4:""time"";d:1370620193.9864521;s:7:""message"";s:92:""Akismet was unable to check this comment (response: ), will automatically retry again later."";s:5:""event"";s:11:""check-error"";s:4:""user"";s:0:"""";}"
43,327,akismet_as_submitted,
44,327,rating,5
45,327,akismet_history,"a:4:{s:4:""time"";d:1370620633.9563141;s:7:""message"";s:46:""wooteam changed the comment status to approved"";s:5:""event"";s:15:""status-approved"";s:4:""user"";s:7:""wooteam"";}"
61,331,akismet_error,1370606279
62,331,akismet_history,"a:4:{s:4:""time"";d:1370606279.836288;s:7:""message"";s:92:""Akismet was unable to check this comment (response: ), will automatically retry again later."";s:5:""event"";s:11:""check-error"";s:4:""user"";s:0:"""";}"
63,331,akismet_as_submitted,
64,331,rating,5
65,331,akismet_history,"a:4:{s:4:""time"";d:1370607944.781112;s:7:""message"";s:46:""wooteam changed the comment status to approved"";s:5:""event"";s:15:""status-approved"";s:4:""user"";s:7:""wooteam"";}"
66,332,akismet_error,1370620393
67,332,akismet_history,"a:4:{s:4:""time"";d:1370620393.6741259;s:7:""message"";s:92:""Akismet was unable to check this comment (response: ), will automatically retry again later."";s:5:""event"";s:11:""check-error"";s:4:""user"";s:0:"""";}"
68,332,akismet_as_submitted,
69,332,rating,4
70,332,akismet_history,"a:4:{s:4:""time"";d:1370620633.942543;s:7:""message"";s:46:""wooteam changed the comment status to approved"";s:5:""event"";s:15:""status-approved"";s:4:""user"";s:7:""wooteam"";}"
71,333,akismet_error,1370605612
72,333,akismet_history,"a:4:{s:4:""time"";d:1370605612.8739009;s:7:""message"";s:92:""Akismet was unable to check this comment (response: ), will automatically retry again later."";s:5:""event"";s:11:""check-error"";s:4:""user"";s:0:"""";}"
73,333,akismet_as_submitted,
74,333,rating,4
75,333,akismet_history,"a:4:{s:4:""time"";d:1370605643.7149429;s:7:""message"";s:46:""wooteam changed the comment status to approved"";s:5:""event"";s:15:""status-approved"";s:4:""user"";s:7:""wooteam"";}"
76,334,akismet_error,1370605993
77,334,akismet_history,"a:4:{s:4:""time"";d:1370605993.459981;s:7:""message"";s:92:""Akismet was unable to check this comment (response: ), will automatically retry again later."";s:5:""event"";s:11:""check-error"";s:4:""user"";s:0:"""";}"
78,334,akismet_as_submitted,
79,334,rating,5
80,334,akismet_history,"a:4:{s:4:""time"";d:1370607929.392715;s:7:""message"";s:46:""wooteam changed the comment status to approved"";s:5:""event"";s:15:""status-approved"";s:4:""user"";s:7:""wooteam"";}"
81,335,akismet_error,1370606643
82,335,akismet_history,"a:4:{s:4:""time"";d:1370606643.4357409;s:7:""message"";s:92:""Akismet was unable to check this comment (response: ), will automatically retry again later."";s:5:""event"";s:11:""check-error"";s:4:""user"";s:0:"""";}"
83,335,akismet_as_submitted,
84,335,rating,5
85,335,akismet_history,"a:4:{s:4:""time"";d:1370607947.3084741;s:7:""message"";s:46:""wooteam changed the comment status to approved"";s:5:""event"";s:15:""status-approved"";s:4:""user"";s:7:""wooteam"";}"
86,336,akismet_error,1370606091
87,336,akismet_history,"a:4:{s:4:""time"";d:1370606091.757982;s:7:""message"";s:92:""Akismet was unable to check this comment (response: ), will automatically retry again later."";s:5:""event"";s:11:""check-error"";s:4:""user"";s:0:"""";}"
88,336,akismet_as_submitted,
89,336,rating,1
90,336,akismet_history,"a:4:{s:4:""time"";d:1370607932.6080811;s:7:""message"";s:46:""wooteam changed the comment status to approved"";s:5:""event"";s:15:""status-approved"";s:4:""user"";s:7:""wooteam"";}"
91,337,akismet_error,1370620222
92,337,akismet_history,"a:4:{s:4:""time"";d:1370620222.192421;s:7:""message"";s:92:""Akismet was unable to check this comment (response: ), will automatically retry again later."";s:5:""event"";s:11:""check-error"";s:4:""user"";s:0:"""";}"
93,337,akismet_as_submitted,
94,337,rating,5
95,337,akismet_history,"a:4:{s:4:""time"";d:1370620633.9515419;s:7:""message"";s:46:""wooteam changed the comment status to approved"";s:5:""event"";s:15:""status-approved"";s:4:""user"";s:7:""wooteam"";}"
96,338,akismet_error,1370607293
97,338,akismet_history,"a:4:{s:4:""time"";d:1370607293.9348719;s:7:""message"";s:92:""Akismet was unable to check this comment (response: ), will automatically retry again later."";s:5:""event"";s:11:""check-error"";s:4:""user"";s:7:""student"";}"
98,338,akismet_as_submitted,
99,338,rating,5
100,338,akismet_history,"a:4:{s:4:""time"";d:1370607950.2842081;s:7:""message"";s:46:""wooteam changed the comment status to approved"";s:5:""event"";s:15:""status-approved"";s:4:""user"";s:7:""wooteam"";}"
101,339,akismet_error,1370607656
102,339,akismet_history,"a:4:{s:4:""time"";d:1370607656.262073;s:7:""message"";s:92:""Akismet was unable to check this comment (response: ), will automatically retry again later."";s:5:""event"";s:11:""check-error"";s:4:""user"";s:0:"""";}"
103,339,akismet_as_submitted,
104,339,rating,5
105,339,akismet_history,"a:4:{s:4:""time"";d:1370607953.4172599;s:7:""message"";s:46:""wooteam changed the comment status to approved"";s:5:""event"";s:15:""status-approved"";s:4:""user"";s:7:""wooteam"";}"
106,340,akismet_error,1370608902
107,340,akismet_history,"a:4:{s:4:""time"";d:1370608902.7684131;s:7:""message"";s:92:""Akismet was unable to check this comment (response: ), will automatically retry again later."";s:5:""event"";s:11:""check-error"";s:4:""user"";s:0:"""";}"
108,340,akismet_as_submitted,
109,340,rating,4
110,340,akismet_history,"a:4:{s:4:""time"";d:1370609037.499927;s:7:""message"";s:46:""wooteam changed the comment status to approved"";s:5:""event"";s:15:""status-approved"";s:4:""user"";s:7:""wooteam"";}"
111,341,akismet_error,1370611600
112,341,akismet_history,"a:4:{s:4:""time"";d:1370611600.578697;s:7:""message"";s:92:""Akismet was unable to check this comment (response: ), will automatically retry again later."";s:5:""event"";s:11:""check-error"";s:4:""user"";s:0:"""";}"
113,341,akismet_as_submitted,
114,341,rating,5
115,341,akismet_history,"a:4:{s:4:""time"";d:1370612306.3991411;s:7:""message"";s:46:""wooteam changed the comment status to approved"";s:5:""event"";s:15:""status-approved"";s:4:""user"";s:7:""wooteam"";}"
116,342,akismet_error,1370620436
117,342,akismet_history,"a:4:{s:4:""time"";d:1370620436.9730539;s:7:""message"";s:92:""Akismet was unable to check this comment (response: ), will automatically retry again later."";s:5:""event"";s:11:""check-error"";s:4:""user"";s:0:"""";}"
118,342,akismet_as_submitted,
119,342,rating,1
120,342,akismet_history,"a:4:{s:4:""time"";d:1370620633.9324379;s:7:""message"";s:46:""wooteam changed the comment status to approved"";s:5:""event"";s:15:""status-approved"";s:4:""user"";s:7:""wooteam"";}"
121,343,akismet_error,1370684262
122,343,akismet_history,"a:4:{s:4:""time"";d:1370684262.2404039;s:7:""message"";s:92:""Akismet was unable to check this comment (response: ), will automatically retry again later."";s:5:""event"";s:11:""check-error"";s:4:""user"";s:0:"""";}"
123,343,akismet_as_submitted,
124,343,rating,5
125,344,akismet_error,1370606673
126,344,akismet_history,"a:4:{s:4:""time"";d:1370606673.5934141;s:7:""message"";s:92:""Akismet was unable to check this comment (response: ), will automatically retry again later."";s:5:""event"";s:11:""check-error"";s:4:""user"";s:0:"""";}"
127,344,akismet_as_submitted,
128,344,rating,3
129,344,akismet_history,"a:4:{s:4:""time"";d:1370607949.1913691;s:7:""message"";s:46:""wooteam changed the comment status to approved"";s:5:""event"";s:15:""status-approved"";s:4:""user"";s:7:""wooteam"";}"
130,345,akismet_error,1370620465
131,345,akismet_history,"a:4:{s:4:""time"";d:1370620465.8934679;s:7:""message"";s:92:""Akismet was unable to check this comment (response: ), will automatically retry again later."";s:5:""event"";s:11:""check-error"";s:4:""user"";s:0:"""";}"
132,345,akismet_as_submitted,
133,345,rating,5
134,345,akismet_history,"a:4:{s:4:""time"";d:1370620633.9279261;s:7:""message"";s:46:""wooteam changed the comment status to approved"";s:5:""event"";s:15:""status-approved"";s:4:""user"";s:7:""wooteam"";}"
135,346,akismet_error,1370605945
136,346,akismet_history,"a:4:{s:4:""time"";d:1370605945.892751;s:7:""message"";s:92:""Akismet was unable to check this comment (response: ), will automatically retry again later."";s:5:""event"";s:11:""check-error"";s:4:""user"";s:0:"""";}"
137,346,akismet_as_submitted,
138,346,rating,4
139,346,akismet_history,"a:4:{s:4:""time"";d:1370607928.424078;s:7:""message"";s:46:""wooteam changed the comment status to approved"";s:5:""event"";s:15:""status-approved"";s:4:""user"";s:7:""wooteam"";}"
140,347,akismet_error,1370606196
141,347,akismet_history,"a:4:{s:4:""time"";d:1370606196.096725;s:7:""message"";s:92:""Akismet was unable to check this comment (response: ), will automatically retry again later."";s:5:""event"";s:11:""check-error"";s:4:""user"";s:0:"""";}"
142,347,akismet_as_submitted,
143,347,rating,3
144,347,akismet_history,"a:4:{s:4:""time"";d:1370607938.7822771;s:7:""message"";s:46:""wooteam changed the comment status to approved"";s:5:""event"";s:15:""status-approved"";s:4:""user"";s:7:""wooteam"";}"
145,348,akismet_error,1370607565
146,348,akismet_history,"a:4:{s:4:""time"";d:1370607565.857836;s:7:""message"";s:92:""Akismet was unable to check this comment (response: ), will automatically retry again later."";s:5:""event"";s:11:""check-error"";s:4:""user"";s:0:"""";}"
147,348,akismet_as_submitted,
148,348,rating,5
149,348,akismet_history,"a:4:{s:4:""time"";d:1370607952.254287;s:7:""message"";s:46:""wooteam changed the comment status to approved"";s:5:""event"";s:15:""status-approved"";s:4:""user"";s:7:""wooteam"";}"
150,349,akismet_error,1370609989
151,349,akismet_history,"a:4:{s:4:""time"";d:1370609989.9351151;s:7:""message"";s:92:""Akismet was unable to check this comment (response: ), will automatically retry again later."";s:5:""event"";s:11:""check-error"";s:4:""user"";s:0:"""";}"
152,349,akismet_as_submitted,
153,349,rating,4
154,349,akismet_history,"a:4:{s:4:""time"";d:1370611523.6167409;s:7:""message"";s:46:""wooteam changed the comment status to approved"";s:5:""event"";s:15:""status-approved"";s:4:""user"";s:7:""wooteam"";}"
155,350,akismet_error,1370608744
156,350,akismet_history,"a:4:{s:4:""time"";d:1370608744.3242869;s:7:""message"";s:92:""Akismet was unable to check this comment (response: ), will automatically retry again later."";s:5:""event"";s:11:""check-error"";s:4:""user"";s:0:"""";}"
157,350,akismet_as_submitted,
158,350,rating,3
159,350,akismet_history,"a:4:{s:4:""time"";d:1370609036.1972589;s:7:""message"";s:46:""wooteam changed the comment status to approved"";s:5:""event"";s:15:""status-approved"";s:4:""user"";s:7:""wooteam"";}"
160,351,akismet_error,1370620529
161,351,akismet_history,"a:4:{s:4:""time"";d:1370620529.737782;s:7:""message"";s:92:""Akismet was unable to check this comment (response: ), will automatically retry again later."";s:5:""event"";s:11:""check-error"";s:4:""user"";s:0:"""";}"
162,351,akismet_as_submitted,
163,351,rating,1
164,351,akismet_history,"a:4:{s:4:""time"";d:1370620633.734987;s:7:""message"";s:46:""wooteam changed the comment status to approved"";s:5:""event"";s:15:""status-approved"";s:4:""user"";s:7:""wooteam"";}"
165,352,akismet_error,1370620584
166,352,akismet_history,"a:4:{s:4:""time"";d:1370620584.2521119;s:7:""message"";s:92:""Akismet was unable to check this comment (response: ), will automatically retry again later."";s:5:""event"";s:11:""check-error"";s:4:""user"";s:0:"""";}"
167,352,akismet_as_submitted,
168,352,rating,4
169,352,akismet_history,"a:4:{s:4:""time"";d:1370620633.3521409;s:7:""message"";s:46:""wooteam changed the comment status to approved"";s:5:""event"";s:15:""status-approved"";s:4:""user"";s:7:""wooteam"";}"
170,353,akismet_error,1370606192
171,353,akismet_history,"a:4:{s:4:""time"";d:1370606192.689786;s:7:""message"";s:92:""Akismet was unable to check this comment (response: ), will automatically retry again later."";s:5:""event"";s:11:""check-error"";s:4:""user"";s:0:"""";}"
172,353,akismet_as_submitted,
173,353,rating,4
174,353,akismet_history,"a:4:{s:4:""time"";d:1370607936.7026889;s:7:""message"";s:46:""wooteam changed the comment status to approved"";s:5:""event"";s:15:""status-approved"";s:4:""user"";s:7:""wooteam"";}"
175,354,akismet_error,1370607727
176,354,akismet_history,"a:4:{s:4:""time"";d:1370607727.7151229;s:7:""message"";s:92:""Akismet was unable to check this comment (response: ), will automatically retry again later."";s:5:""event"";s:11:""check-error"";s:4:""user"";s:0:"""";}"
177,354,akismet_as_submitted,
178,354,rating,3
179,354,akismet_history,"a:4:{s:4:""time"";d:1370607956.622515;s:7:""message"";s:46:""wooteam changed the comment status to approved"";s:5:""event"";s:15:""status-approved"";s:4:""user"";s:7:""wooteam"";}"
180,355,akismet_error,1370605490
181,355,akismet_history,"a:4:{s:4:""time"";d:1370605490.617733;s:7:""message"";s:92:""Akismet was unable to check this comment (response: ), will automatically retry again later."";s:5:""event"";s:11:""check-error"";s:4:""user"";s:0:"""";}"
182,355,akismet_as_submitted,
183,355,rating,5
184,355,akismet_history,"a:4:{s:4:""time"";d:1370605642.8089941;s:7:""message"";s:46:""wooteam changed the comment status to approved"";s:5:""event"";s:15:""status-approved"";s:4:""user"";s:7:""wooteam"";}"
185,356,akismet_error,1370607690
186,356,akismet_history,"a:4:{s:4:""time"";d:1370607690.593864;s:7:""message"";s:92:""Akismet was unable to check this comment (response: ), will automatically retry again later."";s:5:""event"";s:11:""check-error"";s:4:""user"";s:0:"""";}"
187,356,akismet_as_submitted,
188,356,rating,5
189,356,akismet_history,"a:4:{s:4:""time"";d:1370607954.7231741;s:7:""message"";s:46:""wooteam changed the comment status to approved"";s:5:""event"";s:15:""status-approved"";s:4:""user"";s:7:""wooteam"";}"
190,357,akismet_error,1370606323
191,357,akismet_history,"a:4:{s:4:""time"";d:1370606323.791991;s:7:""message"";s:92:""Akismet was unable to check this comment (response: ), will automatically retry again later."";s:5:""event"";s:11:""check-error"";s:4:""user"";s:0:"""";}"
192,357,akismet_as_submitted,
193,357,rating,4
194,357,akismet_history,"a:4:{s:4:""time"";d:1370607945.939826;s:7:""message"";s:46:""wooteam changed the comment status to approved"";s:5:""event"";s:15:""status-approved"";s:4:""user"";s:7:""wooteam"";}"
195,358,akismet_error,1370620368
196,358,akismet_history,"a:4:{s:4:""time"";d:1370620368.7943161;s:7:""message"";s:92:""Akismet was unable to check this comment (response: ), will automatically retry again later."";s:5:""event"";s:11:""check-error"";s:4:""user"";s:0:"""";}"
197,358,akismet_as_submitted,
198,358,rating,5
199,358,akismet_history,"a:4:{s:4:""time"";d:1370620633.9469869;s:7:""message"";s:46:""wooteam changed the comment status to approved"";s:5:""event"";s:15:""status-approved"";s:4:""user"";s:7:""wooteam"";}"
