term_taxonomy_id,term_id,taxonomy,description,parent,count
1,1,category,,0,9
2,2,product_type,,0,39
3,3,product_type,,0,0
4,4,product_type,,0,1
5,5,product_type,,0,0
6,6,category,,0,14
7,7,category,,0,17
8,8,category,,0,6
9,9,category,,0,7
10,10,post_tag,,0,4
11,11,post_tag,,0,4
12,12,post_tag,,0,4
13,13,post_tag,,0,4
14,14,post_tag,,0,4
15,15,post_tag,,0,4
16,16,post_tag,,0,4
17,17,post_tag,,0,4
18,18,post_tag,,0,4
19,19,post_tag,,0,4
20,20,post_tag,,0,4
21,21,post_tag,,0,4
22,22,post_tag,,0,4
23,23,post_tag,,0,4
24,24,post_tag,,0,4
25,25,slider-locations,,0,1
26,26,slider-locations,,0,6
27,27,product_cat,,0,16
28,28,product_cat,,0,1
29,29,product_cat,,0,7
30,30,product_cat,,0,6
31,31,product_cat,,0,6
32,32,product_cat,,0,5
33,33,product_cat,,0,13
34,34,product_cat,,0,9
35,35,nav_menu,,0,40
36,36,post_format,,0,8
37,37,post_format,,0,4
38,38,post_format,,0,6
39,39,category,,0,1
40,40,category,,0,2
41,41,project-type,,0,11
42,42,project-attributes,,0,14
43,43,slider-locations,,0,2
44,44,project-type,,0,15
45,45,project-attributes,,0,9
46,46,project-type,,0,16
47,47,project-attributes,,0,16
48,48,project-attributes,,0,5
49,49,project-type,,0,12
50,50,project-attributes,,0,14
51,51,project-type,,0,13
52,52,project-type,,0,11
53,53,nav_menu,,0,7
54,54,nav_menu,,0,33
55,55,slider-locations,,0,1
56,56,slider-locations,,0,1
57,57,slider-locations,,0,1
58,58,slider-locations,,0,1
59,59,project-type,,0,4
60,60,slider-locations,,0,1
61,61,slider-locations,,0,2
62,62,slider-locations,,0,3
63,63,nav_menu,,0,184
64,64,post_format,,0,2
65,65,category,,0,4
66,66,slider-locations,,0,2
67,67,slider-locations,,0,1
68,68,project-type,,0,4
69,69,category,,0,2
70,70,nav_menu,,0,6
71,71,category,,0,0
72,72,category,,0,0
73,73,nav_menu,,0,6
74,74,pa_color,,0,1
75,75,pa_color,,0,0
76,76,pa_color,,0,1
77,77,product_cat,,0,6
78,78,product_cat,,77,2
79,79,product_cat,,77,4
