term_id,name,slug,term_group
1,Uncategorized,uncategorized,0
2,simple,simple,0
3,grouped,grouped,0
4,variable,variable,0
5,external,external,0
6,Fashion,fashion,0
7,Food for thought,food-for-thought,0
8,Gaming,gaming,0
9,Music,music,0
10,Art,art,0
11,Awesome,awesome,0
12,Cars,cars,0
13,Classic,classic,0
14,Custom,custom,0
15,Data,data,0
16,Epic,epic,0
17,Funny,funny,0
18,Gaming Tips,gaming-tips,0
19,Music,music,0
20,Photography,photography,0
21,Standard,standard,0
22,ThemeNectar,themenectar,0
23,Videos,videos,0
24,Wordpress,wordpress,0
25,Contact,contact,0
26,Home,home,0
27,Clothing,clothing,0
28,Formal,formal,0
29,Hoodies,hoodies,0
30,Long Sleeve,long-sleeve,0
31,Mens,mens,0
32,Posters,posters,0
33,T-shirts,t-shirts,0
34,Womens,womens,0
35,Top Nav,top-nav,0
36,Video,post-format-video,0
37,Link,post-format-link,0
38,Quote,post-format-quote,0
39,Featured,featured,0
40,Quotes,quotes,0
41,Applications,applications,0
42,Branding,branding,0
43,Example,example,0
44,Featured,featured,0
45,HTML/CSS,htmlcss,0
46,Illustration,illustration,0
47,Illustration,illustration,0
48,Macro Lens,macro-lens,0
49,Music,music,0
50,Photography,photography,0
51,Print,print,0
52,Video,video,0
53,Footer Menu,footer-menu,0
54,Main Nav,main-nav,0
55,About,about,0
56,About Single,about-single,0
57,Coding,coding,0
58,Home Portfolio Eye Candy,portfolio-home,0
59,logo,logo,0
60,Lowpoly,lowpoly,0
61,Night To Remember,night-to-remember,0
62,Weather App,weather-app,0
63,Main Navigation,main-navigation,0
64,Audio,post-format-audio,0
65,Dining,dining,0
66,Clean Desk,clean-desk,0
67,GeoWolf Social,geowolf-social,0
68,Photography,photography,0
69,Business,business,0
70,Corporate - Main Nav,corporate-main-nav,0
71,Geen onderdeel van een categorie,geen-onderdeel-van-een-categorie,0
72,カテゴリーなし,%e3%82%ab%e3%83%86%e3%82%b4%e3%83%aa%e3%83%bc%e3%81%aa%e3%81%97,0
73,Header,header,0
74,Black,black,0
75,Blue,blue,0
76,Green,green,0
77,Music,music,0
78,Singles,singles,0
79,Albums,albums,0
