umeta_id,user_id,meta_key,meta_value
1,1,nickname,dobestan
2,1,first_name,
3,1,last_name,
4,1,description,
5,1,rich_editing,true
6,1,comment_shortcuts,false
7,1,admin_color,fresh
8,1,use_ssl,0
9,1,show_admin_bar_front,true
10,1,wp_capabilities,"a:1:{s:13:""administrator"";b:1;}"
11,1,wp_user_level,10
12,1,dismissed_wp_pointers,
13,1,show_welcome_panel,1
14,1,session_tokens,"a:3:{s:64:""3b585d92cc49654b41f137f869b667e30c2ab5cb36dd0c0273d8bbfeea2a0198"";a:4:{s:10:""expiration"";i:1457791416;s:2:""ip"";s:14:""175.120.105.60"";s:2:""ua"";s:121:""Mozilla/5.0 (Macintosh; Intel Mac OS X 10_11_3) AppleWebKit/537.36 (KHTML, like Gecko) Chrome/48.0.2564.116 Safari/537.36"";s:5:""login"";i:1456581816;}s:64:""2e9b941e02f4e9b8b794c8499802c4bf3fb4cbfaa01219e8b5df1eb5264909b1"";a:4:{s:10:""expiration"";i:1456755094;s:2:""ip"";s:14:""175.120.105.60"";s:2:""ua"";s:121:""Mozilla/5.0 (Macintosh; Intel Mac OS X 10_11_3) AppleWebKit/537.36 (KHTML, like Gecko) Chrome/48.0.2564.116 Safari/537.36"";s:5:""login"";i:1456582294;}s:64:""96643803fae015b6f1176ba91943b050ad79509f93f136bc1e9c0f048ff00d6d"";a:4:{s:10:""expiration"";i:1456755119;s:2:""ip"";s:14:""175.120.105.60"";s:2:""ua"";s:121:""Mozilla/5.0 (Macintosh; Intel Mac OS X 10_11_3) AppleWebKit/537.36 (KHTML, like Gecko) Chrome/48.0.2564.116 Safari/537.36"";s:5:""login"";i:1456582319;}}"
15,1,wp_dashboard_quick_press_last_post_id,3
16,1,wp_r_tru_u_x,"a:2:{s:2:""id"";i:0;s:7:""expires"";i:1456586713;}"
17,1,manageedit-shop_ordercolumnshidden,"a:1:{i:0;s:15:""billing_address"";}"
