meta_id,woocommerce_term_id,meta_key,meta_value
1,27,order,0
2,28,order,0
3,29,order,0
4,30,order,0
5,31,order,0
6,32,order,0
7,33,order,0
8,34,order,0
9,30,product_count_product_cat,6
10,34,product_count_product_cat,9
11,27,product_count_product_cat,16
12,33,product_count_product_cat,13
13,29,product_count_product_cat,7
14,31,product_count_product_cat,6
15,28,product_count_product_cat,1
16,77,order,0
17,78,order,0
18,79,order,0
19,32,product_count_product_cat,5
20,79,product_count_product_cat,4
21,77,product_count_product_cat,6
22,78,product_count_product_cat,2
